Domain Code,Domain,Area Code (M49),Area,Element Code,Element,Months Code,Months,Year Code,Year,Unit,Value,Flag,Flag Description
"ET","Temperature change on land","040","Austria","7271","Temperature change","7020","Meteorological year","2000","2000","°c","1.774","E","Estimated value"
"ET","Temperature change on land","040","Austria","7271","Temperature change","7020","Meteorological year","2001","2001","°c","1.508","E","Estimated value"
"ET","Temperature change on land","040","Austria","7271","Temperature change","7020","Meteorological year","2002","2002","°c","1.542","E","Estimated value"
"ET","Temperature change on land","040","Austria","7271","Temperature change","7020","Meteorological year","2003","2003","°c","1.474","E","Estimated value"
"ET","Temperature change on land","040","Austria","7271","Temperature change","7020","Meteorological year","2004","2004","°c","0.84","E","Estimated value"
"ET","Temperature change on land","040","Austria","7271","Temperature change","7020","Meteorological year","2005","2005","°c","0.638","E","Estimated value"
"ET","Temperature change on land","040","Austria","7271","Temperature change","7020","Meteorological year","2006","2006","°c","0.919","E","Estimated value"
"ET","Temperature change on land","040","Austria","7271","Temperature change","7020","Meteorological year","2007","2007","°c","2.151","E","Estimated value"
"ET","Temperature change on land","040","Austria","7271","Temperature change","7020","Meteorological year","2008","2008","°c","1.597","E","Estimated value"
"ET","Temperature change on land","040","Austria","7271","Temperature change","7020","Meteorological year","2009","2009","°c","1.554","E","Estimated value"
"ET","Temperature change on land","040","Austria","7271","Temperature change","7020","Meteorological year","2010","2010","°c","0.668","E","Estimated value"
"ET","Temperature change on land","040","Austria","7271","Temperature change","7020","Meteorological year","2011","2011","°c","1.384","E","Estimated value"
"ET","Temperature change on land","040","Austria","7271","Temperature change","7020","Meteorological year","2012","2012","°c","1.792","E","Estimated value"
"ET","Temperature change on land","040","Austria","7271","Temperature change","7020","Meteorological year","2013","2013","°c","1.105","E","Estimated value"
"ET","Temperature change on land","040","Austria","7271","Temperature change","7020","Meteorological year","2014","2014","°c","2.421","E","Estimated value"
"ET","Temperature change on land","040","Austria","7271","Temperature change","7020","Meteorological year","2015","2015","°c","2.175","E","Estimated value"
"ET","Temperature change on land","040","Austria","7271","Temperature change","7020","Meteorological year","2016","2016","°c","2.1","E","Estimated value"
"ET","Temperature change on land","040","Austria","7271","Temperature change","7020","Meteorological year","2017","2017","°c","1.746","E","Estimated value"
"ET","Temperature change on land","040","Austria","7271","Temperature change","7020","Meteorological year","2018","2018","°c","2.53","E","Estimated value"
"ET","Temperature change on land","040","Austria","7271","Temperature change","7020","Meteorological year","2019","2019","°c","2.375","E","Estimated value"
"ET","Temperature change on land","040","Austria","7271","Temperature change","7020","Meteorological year","2020","2020","°c","2.322","E","Estimated value"
"ET","Temperature change on land","040","Austria","7271","Temperature change","7020","Meteorological year","2021","2021","°c","1.41","E","Estimated value"
"ET","Temperature change on land","056","Belgium","7271","Temperature change","7020","Meteorological year","2000","2000","°c","1.482","E","Estimated value"
"ET","Temperature change on land","056","Belgium","7271","Temperature change","7020","Meteorological year","2001","2001","°c","1.333","E","Estimated value"
"ET","Temperature change on land","056","Belgium","7271","Temperature change","7020","Meteorological year","2002","2002","°c","1.394","E","Estimated value"
"ET","Temperature change on land","056","Belgium","7271","Temperature change","7020","Meteorological year","2003","2003","°c","1.523","E","Estimated value"
"ET","Temperature change on land","056","Belgium","7271","Temperature change","7020","Meteorological year","2004","2004","°c","1.089","E","Estimated value"
"ET","Temperature change on land","056","Belgium","7271","Temperature change","7020","Meteorological year","2005","2005","°c","1.198","E","Estimated value"
"ET","Temperature change on land","056","Belgium","7271","Temperature change","7020","Meteorological year","2006","2006","°c","1.406","E","Estimated value"
"ET","Temperature change on land","056","Belgium","7271","Temperature change","7020","Meteorological year","2007","2007","°c","1.889","E","Estimated value"
"ET","Temperature change on land","056","Belgium","7271","Temperature change","7020","Meteorological year","2008","2008","°c","1.261","E","Estimated value"
"ET","Temperature change on land","056","Belgium","7271","Temperature change","7020","Meteorological year","2009","2009","°c","1.159","E","Estimated value"
"ET","Temperature change on land","056","Belgium","7271","Temperature change","7020","Meteorological year","2010","2010","°c","0.236","E","Estimated value"
"ET","Temperature change on land","056","Belgium","7271","Temperature change","7020","Meteorological year","2011","2011","°c","1.29","E","Estimated value"
"ET","Temperature change on land","056","Belgium","7271","Temperature change","7020","Meteorological year","2012","2012","°c","1.137","E","Estimated value"
"ET","Temperature change on land","056","Belgium","7271","Temperature change","7020","Meteorological year","2013","2013","°c","0.472","E","Estimated value"
"ET","Temperature change on land","056","Belgium","7271","Temperature change","7020","Meteorological year","2014","2014","°c","2.408","E","Estimated value"
"ET","Temperature change on land","056","Belgium","7271","Temperature change","7020","Meteorological year","2015","2015","°c","1.355","E","Estimated value"
"ET","Temperature change on land","056","Belgium","7271","Temperature change","7020","Meteorological year","2016","2016","°c","1.865","E","Estimated value"
"ET","Temperature change on land","056","Belgium","7271","Temperature change","7020","Meteorological year","2017","2017","°c","1.711","E","Estimated value"
"ET","Temperature change on land","056","Belgium","7271","Temperature change","7020","Meteorological year","2018","2018","°c","2.173","E","Estimated value"
"ET","Temperature change on land","056","Belgium","7271","Temperature change","7020","Meteorological year","2019","2019","°c","2.055","E","Estimated value"
"ET","Temperature change on land","056","Belgium","7271","Temperature change","7020","Meteorological year","2020","2020","°c","2.542","E","Estimated value"
"ET","Temperature change on land","056","Belgium","7271","Temperature change","7020","Meteorological year","2021","2021","°c","1.176","E","Estimated value"
"ET","Temperature change on land","100","Bulgaria","7271","Temperature change","7020","Meteorological year","2000","2000","°c","1.171","E","Estimated value"
"ET","Temperature change on land","100","Bulgaria","7271","Temperature change","7020","Meteorological year","2001","2001","°c","1.63","E","Estimated value"
"ET","Temperature change on land","100","Bulgaria","7271","Temperature change","7020","Meteorological year","2002","2002","°c","0.837","E","Estimated value"
"ET","Temperature change on land","100","Bulgaria","7271","Temperature change","7020","Meteorological year","2003","2003","°c","0.164","E","Estimated value"
"ET","Temperature change on land","100","Bulgaria","7271","Temperature change","7020","Meteorological year","2004","2004","°c","0.508","E","Estimated value"
"ET","Temperature change on land","100","Bulgaria","7271","Temperature change","7020","Meteorological year","2005","2005","°c","0.189","E","Estimated value"
"ET","Temperature change on land","100","Bulgaria","7271","Temperature change","7020","Meteorological year","2006","2006","°c","0.542","E","Estimated value"
"ET","Temperature change on land","100","Bulgaria","7271","Temperature change","7020","Meteorological year","2007","2007","°c","1.853","E","Estimated value"
"ET","Temperature change on land","100","Bulgaria","7271","Temperature change","7020","Meteorological year","2008","2008","°c","1.146","E","Estimated value"
"ET","Temperature change on land","100","Bulgaria","7271","Temperature change","7020","Meteorological year","2009","2009","°c","1.259","E","Estimated value"
"ET","Temperature change on land","100","Bulgaria","7271","Temperature change","7020","Meteorological year","2010","2010","°c","1.334","E","Estimated value"
"ET","Temperature change on land","100","Bulgaria","7271","Temperature change","7020","Meteorological year","2011","2011","°c","0.394","E","Estimated value"
"ET","Temperature change on land","100","Bulgaria","7271","Temperature change","7020","Meteorological year","2012","2012","°c","1.647","E","Estimated value"
"ET","Temperature change on land","100","Bulgaria","7271","Temperature change","7020","Meteorological year","2013","2013","°c","1.44","E","Estimated value"
"ET","Temperature change on land","100","Bulgaria","7271","Temperature change","7020","Meteorological year","2014","2014","°c","1.128","E","Estimated value"
"ET","Temperature change on land","100","Bulgaria","7271","Temperature change","7020","Meteorological year","2015","2015","°c","1.344","E","Estimated value"
"ET","Temperature change on land","100","Bulgaria","7271","Temperature change","7020","Meteorological year","2016","2016","°c","1.796","E","Estimated value"
"ET","Temperature change on land","100","Bulgaria","7271","Temperature change","7020","Meteorological year","2017","2017","°c","0.843","E","Estimated value"
"ET","Temperature change on land","100","Bulgaria","7271","Temperature change","7020","Meteorological year","2018","2018","°c","2.072","E","Estimated value"
"ET","Temperature change on land","100","Bulgaria","7271","Temperature change","7020","Meteorological year","2019","2019","°c","1.991","E","Estimated value"
"ET","Temperature change on land","100","Bulgaria","7271","Temperature change","7020","Meteorological year","2020","2020","°c","1.938","E","Estimated value"
"ET","Temperature change on land","100","Bulgaria","7271","Temperature change","7020","Meteorological year","2021","2021","°c","1.511","E","Estimated value"
"ET","Temperature change on land","191","Croatia","7271","Temperature change","7020","Meteorological year","2000","2000","°c","1.636","E","Estimated value"
"ET","Temperature change on land","191","Croatia","7271","Temperature change","7020","Meteorological year","2001","2001","°c","1.61","E","Estimated value"
"ET","Temperature change on land","191","Croatia","7271","Temperature change","7020","Meteorological year","2002","2002","°c","1.278","E","Estimated value"
"ET","Temperature change on land","191","Croatia","7271","Temperature change","7020","Meteorological year","2003","2003","°c","1.291","E","Estimated value"
"ET","Temperature change on land","191","Croatia","7271","Temperature change","7020","Meteorological year","2004","2004","°c","0.681","E","Estimated value"
"ET","Temperature change on land","191","Croatia","7271","Temperature change","7020","Meteorological year","2005","2005","°c","0.307","E","Estimated value"
"ET","Temperature change on land","191","Croatia","7271","Temperature change","7020","Meteorological year","2006","2006","°c","0.734","E","Estimated value"
"ET","Temperature change on land","191","Croatia","7271","Temperature change","7020","Meteorological year","2007","2007","°c","2","E","Estimated value"
"ET","Temperature change on land","191","Croatia","7271","Temperature change","7020","Meteorological year","2008","2008","°c","1.479","E","Estimated value"
"ET","Temperature change on land","191","Croatia","7271","Temperature change","7020","Meteorological year","2009","2009","°c","1.517","E","Estimated value"
"ET","Temperature change on land","191","Croatia","7271","Temperature change","7020","Meteorological year","2010","2010","°c","0.883","E","Estimated value"
"ET","Temperature change on land","191","Croatia","7271","Temperature change","7020","Meteorological year","2011","2011","°c","1.279","E","Estimated value"
"ET","Temperature change on land","191","Croatia","7271","Temperature change","7020","Meteorological year","2012","2012","°c","1.866","E","Estimated value"
"ET","Temperature change on land","191","Croatia","7271","Temperature change","7020","Meteorological year","2013","2013","°c","1.288","E","Estimated value"
"ET","Temperature change on land","191","Croatia","7271","Temperature change","7020","Meteorological year","2014","2014","°c","2.053","E","Estimated value"
"ET","Temperature change on land","191","Croatia","7271","Temperature change","7020","Meteorological year","2015","2015","°c","1.943","E","Estimated value"
"ET","Temperature change on land","191","Croatia","7271","Temperature change","7020","Meteorological year","2016","2016","°c","1.852","E","Estimated value"
"ET","Temperature change on land","191","Croatia","7271","Temperature change","7020","Meteorological year","2017","2017","°c","1.568","E","Estimated value"
"ET","Temperature change on land","191","Croatia","7271","Temperature change","7020","Meteorological year","2018","2018","°c","2.325","E","Estimated value"
"ET","Temperature change on land","191","Croatia","7271","Temperature change","7020","Meteorological year","2019","2019","°c","2.121","E","Estimated value"
"ET","Temperature change on land","191","Croatia","7271","Temperature change","7020","Meteorological year","2020","2020","°c","2.026","E","Estimated value"
"ET","Temperature change on land","191","Croatia","7271","Temperature change","7020","Meteorological year","2021","2021","°c","1.618","E","Estimated value"
"ET","Temperature change on land","196","Cyprus","7271","Temperature change","7020","Meteorological year","2000","2000","°c","0.683","E","Estimated value"
"ET","Temperature change on land","196","Cyprus","7271","Temperature change","7020","Meteorological year","2001","2001","°c","1.23","E","Estimated value"
"ET","Temperature change on land","196","Cyprus","7271","Temperature change","7020","Meteorological year","2002","2002","°c","0.888","E","Estimated value"
"ET","Temperature change on land","196","Cyprus","7271","Temperature change","7020","Meteorological year","2003","2003","°c","0.649","E","Estimated value"
"ET","Temperature change on land","196","Cyprus","7271","Temperature change","7020","Meteorological year","2004","2004","°c","0.675","E","Estimated value"
"ET","Temperature change on land","196","Cyprus","7271","Temperature change","7020","Meteorological year","2005","2005","°c","0.4","E","Estimated value"
"ET","Temperature change on land","196","Cyprus","7271","Temperature change","7020","Meteorological year","2006","2006","°c","0.684","E","Estimated value"
"ET","Temperature change on land","196","Cyprus","7271","Temperature change","7020","Meteorological year","2007","2007","°c","0.873","E","Estimated value"
"ET","Temperature change on land","196","Cyprus","7271","Temperature change","7020","Meteorological year","2008","2008","°c","1.084","E","Estimated value"
"ET","Temperature change on land","196","Cyprus","7271","Temperature change","7020","Meteorological year","2009","2009","°c","1.027","E","Estimated value"
"ET","Temperature change on land","196","Cyprus","7271","Temperature change","7020","Meteorological year","2010","2010","°c","2.045","E","Estimated value"
"ET","Temperature change on land","196","Cyprus","7271","Temperature change","7020","Meteorological year","2011","2011","°c","0.698","E","Estimated value"
"ET","Temperature change on land","196","Cyprus","7271","Temperature change","7020","Meteorological year","2012","2012","°c","0.919","E","Estimated value"
"ET","Temperature change on land","196","Cyprus","7271","Temperature change","7020","Meteorological year","2013","2013","°c","1.182","E","Estimated value"
"ET","Temperature change on land","196","Cyprus","7271","Temperature change","7020","Meteorological year","2014","2014","°c","1.006","E","Estimated value"
"ET","Temperature change on land","196","Cyprus","7271","Temperature change","7020","Meteorological year","2015","2015","°c","1.128","E","Estimated value"
"ET","Temperature change on land","196","Cyprus","7271","Temperature change","7020","Meteorological year","2016","2016","°c","1.504","E","Estimated value"
"ET","Temperature change on land","196","Cyprus","7271","Temperature change","7020","Meteorological year","2017","2017","°c","0.783","E","Estimated value"
"ET","Temperature change on land","196","Cyprus","7271","Temperature change","7020","Meteorological year","2018","2018","°c","2.104","E","Estimated value"
"ET","Temperature change on land","196","Cyprus","7271","Temperature change","7020","Meteorological year","2019","2019","°c","1.496","E","Estimated value"
"ET","Temperature change on land","196","Cyprus","7271","Temperature change","7020","Meteorological year","2020","2020","°c","1.632","E","Estimated value"
"ET","Temperature change on land","196","Cyprus","7271","Temperature change","7020","Meteorological year","2021","2021","°c","1.948","E","Estimated value"
"ET","Temperature change on land","203","Czechia","7271","Temperature change","7020","Meteorological year","2000","2000","°c","1.907","E","Estimated value"
"ET","Temperature change on land","203","Czechia","7271","Temperature change","7020","Meteorological year","2001","2001","°c","1.227","E","Estimated value"
"ET","Temperature change on land","203","Czechia","7271","Temperature change","7020","Meteorological year","2002","2002","°c","1.531","E","Estimated value"
"ET","Temperature change on land","203","Czechia","7271","Temperature change","7020","Meteorological year","2003","2003","°c","1.082","E","Estimated value"
"ET","Temperature change on land","203","Czechia","7271","Temperature change","7020","Meteorological year","2004","2004","°c","0.821","E","Estimated value"
"ET","Temperature change on land","203","Czechia","7271","Temperature change","7020","Meteorological year","2005","2005","°c","0.749","E","Estimated value"
"ET","Temperature change on land","203","Czechia","7271","Temperature change","7020","Meteorological year","2006","2006","°c","0.955","E","Estimated value"
"ET","Temperature change on land","203","Czechia","7271","Temperature change","7020","Meteorological year","2007","2007","°c","2.172","E","Estimated value"
"ET","Temperature change on land","203","Czechia","7271","Temperature change","7020","Meteorological year","2008","2008","°c","1.648","E","Estimated value"
"ET","Temperature change on land","203","Czechia","7271","Temperature change","7020","Meteorological year","2009","2009","°c","1.429","E","Estimated value"
"ET","Temperature change on land","203","Czechia","7271","Temperature change","7020","Meteorological year","2010","2010","°c","0.413","E","Estimated value"
"ET","Temperature change on land","203","Czechia","7271","Temperature change","7020","Meteorological year","2011","2011","°c","1.042","E","Estimated value"
"ET","Temperature change on land","203","Czechia","7271","Temperature change","7020","Meteorological year","2012","2012","°c","1.581","E","Estimated value"
"ET","Temperature change on land","203","Czechia","7271","Temperature change","7020","Meteorological year","2013","2013","°c","0.78","E","Estimated value"
"ET","Temperature change on land","203","Czechia","7271","Temperature change","7020","Meteorological year","2014","2014","°c","2.504","E","Estimated value"
"ET","Temperature change on land","203","Czechia","7271","Temperature change","7020","Meteorological year","2015","2015","°c","2.109","E","Estimated value"
"ET","Temperature change on land","203","Czechia","7271","Temperature change","7020","Meteorological year","2016","2016","°c","2.063","E","Estimated value"
"ET","Temperature change on land","203","Czechia","7271","Temperature change","7020","Meteorological year","2017","2017","°c","1.579","E","Estimated value"
"ET","Temperature change on land","203","Czechia","7271","Temperature change","7020","Meteorological year","2018","2018","°c","2.634","E","Estimated value"
"ET","Temperature change on land","203","Czechia","7271","Temperature change","7020","Meteorological year","2019","2019","°c","2.523","E","Estimated value"
"ET","Temperature change on land","203","Czechia","7271","Temperature change","7020","Meteorological year","2020","2020","°c","2.322","E","Estimated value"
"ET","Temperature change on land","203","Czechia","7271","Temperature change","7020","Meteorological year","2021","2021","°c","1.281","E","Estimated value"
"ET","Temperature change on land","208","Denmark","7271","Temperature change","7020","Meteorological year","2000","2000","°c","1.707","E","Estimated value"
"ET","Temperature change on land","208","Denmark","7271","Temperature change","7020","Meteorological year","2001","2001","°c","1.031","E","Estimated value"
"ET","Temperature change on land","208","Denmark","7271","Temperature change","7020","Meteorological year","2002","2002","°c","1.64","E","Estimated value"
"ET","Temperature change on land","208","Denmark","7271","Temperature change","7020","Meteorological year","2003","2003","°c","0.696","E","Estimated value"
"ET","Temperature change on land","208","Denmark","7271","Temperature change","7020","Meteorological year","2004","2004","°c","1.023","E","Estimated value"
"ET","Temperature change on land","208","Denmark","7271","Temperature change","7020","Meteorological year","2005","2005","°c","1.274","E","Estimated value"
"ET","Temperature change on land","208","Denmark","7271","Temperature change","7020","Meteorological year","2006","2006","°c","1.341","E","Estimated value"
"ET","Temperature change on land","208","Denmark","7271","Temperature change","7020","Meteorological year","2007","2007","°c","2.129","E","Estimated value"
"ET","Temperature change on land","208","Denmark","7271","Temperature change","7020","Meteorological year","2008","2008","°c","1.854","E","Estimated value"
"ET","Temperature change on land","208","Denmark","7271","Temperature change","7020","Meteorological year","2009","2009","°c","1.318","E","Estimated value"
"ET","Temperature change on land","208","Denmark","7271","Temperature change","7020","Meteorological year","2010","2010","°c","-0.201","E","Estimated value"
"ET","Temperature change on land","208","Denmark","7271","Temperature change","7020","Meteorological year","2011","2011","°c","0.677","E","Estimated value"
"ET","Temperature change on land","208","Denmark","7271","Temperature change","7020","Meteorological year","2012","2012","°c","1.145","E","Estimated value"
"ET","Temperature change on land","208","Denmark","7271","Temperature change","7020","Meteorological year","2013","2013","°c","0.401","E","Estimated value"
"ET","Temperature change on land","208","Denmark","7271","Temperature change","7020","Meteorological year","2014","2014","°c","2.668","E","Estimated value"
"ET","Temperature change on land","208","Denmark","7271","Temperature change","7020","Meteorological year","2015","2015","°c","1.507","E","Estimated value"
"ET","Temperature change on land","208","Denmark","7271","Temperature change","7020","Meteorological year","2016","2016","°c","1.839","E","Estimated value"
"ET","Temperature change on land","208","Denmark","7271","Temperature change","7020","Meteorological year","2017","2017","°c","1.61","E","Estimated value"
"ET","Temperature change on land","208","Denmark","7271","Temperature change","7020","Meteorological year","2018","2018","°c","2.096","E","Estimated value"
"ET","Temperature change on land","208","Denmark","7271","Temperature change","7020","Meteorological year","2019","2019","°c","2.167","E","Estimated value"
"ET","Temperature change on land","208","Denmark","7271","Temperature change","7020","Meteorological year","2020","2020","°c","2.625","E","Estimated value"
"ET","Temperature change on land","208","Denmark","7271","Temperature change","7020","Meteorological year","2021","2021","°c","1.685","E","Estimated value"
"ET","Temperature change on land","233","Estonia","7271","Temperature change","7020","Meteorological year","2000","2000","°c","2.046","E","Estimated value"
"ET","Temperature change on land","233","Estonia","7271","Temperature change","7020","Meteorological year","2001","2001","°c","1.817","E","Estimated value"
"ET","Temperature change on land","233","Estonia","7271","Temperature change","7020","Meteorological year","2002","2002","°c","1.46","E","Estimated value"
"ET","Temperature change on land","233","Estonia","7271","Temperature change","7020","Meteorological year","2003","2003","°c","0.208","E","Estimated value"
"ET","Temperature change on land","233","Estonia","7271","Temperature change","7020","Meteorological year","2004","2004","°c","1.154","E","Estimated value"
"ET","Temperature change on land","233","Estonia","7271","Temperature change","7020","Meteorological year","2005","2005","°c","1.583","E","Estimated value"
"ET","Temperature change on land","233","Estonia","7271","Temperature change","7020","Meteorological year","2006","2006","°c","1.25","E","Estimated value"
"ET","Temperature change on land","233","Estonia","7271","Temperature change","7020","Meteorological year","2007","2007","°c","2.255","E","Estimated value"
"ET","Temperature change on land","233","Estonia","7271","Temperature change","7020","Meteorological year","2008","2008","°c","2.587","E","Estimated value"
"ET","Temperature change on land","233","Estonia","7271","Temperature change","7020","Meteorological year","2009","2009","°c","1.604","E","Estimated value"
"ET","Temperature change on land","233","Estonia","7271","Temperature change","7020","Meteorological year","2010","2010","°c","0.53","E","Estimated value"
"ET","Temperature change on land","233","Estonia","7271","Temperature change","7020","Meteorological year","2011","2011","°c","1.29","E","Estimated value"
"ET","Temperature change on land","233","Estonia","7271","Temperature change","7020","Meteorological year","2012","2012","°c","1.45","E","Estimated value"
"ET","Temperature change on land","233","Estonia","7271","Temperature change","7020","Meteorological year","2013","2013","°c","1.165","E","Estimated value"
"ET","Temperature change on land","233","Estonia","7271","Temperature change","7020","Meteorological year","2014","2014","°c","2.414","E","Estimated value"
"ET","Temperature change on land","233","Estonia","7271","Temperature change","7020","Meteorological year","2015","2015","°c","2.349","E","Estimated value"
"ET","Temperature change on land","233","Estonia","7271","Temperature change","7020","Meteorological year","2016","2016","°c","1.914","E","Estimated value"
"ET","Temperature change on land","233","Estonia","7271","Temperature change","7020","Meteorological year","2017","2017","°c","1.482","E","Estimated value"
"ET","Temperature change on land","233","Estonia","7271","Temperature change","7020","Meteorological year","2018","2018","°c","2.394","E","Estimated value"
"ET","Temperature change on land","233","Estonia","7271","Temperature change","7020","Meteorological year","2019","2019","°c","2.194","E","Estimated value"
"ET","Temperature change on land","233","Estonia","7271","Temperature change","7020","Meteorological year","2020","2020","°c","3.598","E","Estimated value"
"ET","Temperature change on land","233","Estonia","7271","Temperature change","7020","Meteorological year","2021","2021","°c","2.135","E","Estimated value"
"ET","Temperature change on land","246","Finland","7271","Temperature change","7020","Meteorological year","2000","2000","°c","2.031","E","Estimated value"
"ET","Temperature change on land","246","Finland","7271","Temperature change","7020","Meteorological year","2001","2001","°c","1.377","E","Estimated value"
"ET","Temperature change on land","246","Finland","7271","Temperature change","7020","Meteorological year","2002","2002","°c","1.179","E","Estimated value"
"ET","Temperature change on land","246","Finland","7271","Temperature change","7020","Meteorological year","2003","2003","°c","0.717","E","Estimated value"
"ET","Temperature change on land","246","Finland","7271","Temperature change","7020","Meteorological year","2004","2004","°c","1.239","E","Estimated value"
"ET","Temperature change on land","246","Finland","7271","Temperature change","7020","Meteorological year","2005","2005","°c","2.209","E","Estimated value"
"ET","Temperature change on land","246","Finland","7271","Temperature change","7020","Meteorological year","2006","2006","°c","1.21","E","Estimated value"
"ET","Temperature change on land","246","Finland","7271","Temperature change","7020","Meteorological year","2007","2007","°c","1.952","E","Estimated value"
"ET","Temperature change on land","246","Finland","7271","Temperature change","7020","Meteorological year","2008","2008","°c","2.135","E","Estimated value"
"ET","Temperature change on land","246","Finland","7271","Temperature change","7020","Meteorological year","2009","2009","°c","1.699","E","Estimated value"
"ET","Temperature change on land","246","Finland","7271","Temperature change","7020","Meteorological year","2010","2010","°c","0.243","E","Estimated value"
"ET","Temperature change on land","246","Finland","7271","Temperature change","7020","Meteorological year","2011","2011","°c","1.352","E","Estimated value"
"ET","Temperature change on land","246","Finland","7271","Temperature change","7020","Meteorological year","2012","2012","°c","1.539","E","Estimated value"
"ET","Temperature change on land","246","Finland","7271","Temperature change","7020","Meteorological year","2013","2013","°c","1.426","E","Estimated value"
"ET","Temperature change on land","246","Finland","7271","Temperature change","7020","Meteorological year","2014","2014","°c","2.591","E","Estimated value"
"ET","Temperature change on land","246","Finland","7271","Temperature change","7020","Meteorological year","2015","2015","°c","2.614","E","Estimated value"
"ET","Temperature change on land","246","Finland","7271","Temperature change","7020","Meteorological year","2016","2016","°c","2.153","E","Estimated value"
"ET","Temperature change on land","246","Finland","7271","Temperature change","7020","Meteorological year","2017","2017","°c","1.488","E","Estimated value"
"ET","Temperature change on land","246","Finland","7271","Temperature change","7020","Meteorological year","2018","2018","°c","2.16","E","Estimated value"
"ET","Temperature change on land","246","Finland","7271","Temperature change","7020","Meteorological year","2019","2019","°c","1.454","E","Estimated value"
"ET","Temperature change on land","246","Finland","7271","Temperature change","7020","Meteorological year","2020","2020","°c","3.321","E","Estimated value"
"ET","Temperature change on land","246","Finland","7271","Temperature change","7020","Meteorological year","2021","2021","°c","1.942","E","Estimated value"
"ET","Temperature change on land","250","France","7271","Temperature change","7020","Meteorological year","2000","2000","°c","1.173","E","Estimated value"
"ET","Temperature change on land","250","France","7271","Temperature change","7020","Meteorological year","2001","2001","°c","1.393","E","Estimated value"
"ET","Temperature change on land","250","France","7271","Temperature change","7020","Meteorological year","2002","2002","°c","1.055","E","Estimated value"
"ET","Temperature change on land","250","France","7271","Temperature change","7020","Meteorological year","2003","2003","°c","1.8","E","Estimated value"
"ET","Temperature change on land","250","France","7271","Temperature change","7020","Meteorological year","2004","2004","°c","0.974","E","Estimated value"
"ET","Temperature change on land","250","France","7271","Temperature change","7020","Meteorological year","2005","2005","°c","1.021","E","Estimated value"
"ET","Temperature change on land","250","France","7271","Temperature change","7020","Meteorological year","2006","2006","°c","1.312","E","Estimated value"
"ET","Temperature change on land","250","France","7271","Temperature change","7020","Meteorological year","2007","2007","°c","1.407","E","Estimated value"
"ET","Temperature change on land","250","France","7271","Temperature change","7020","Meteorological year","2008","2008","°c","0.991","E","Estimated value"
"ET","Temperature change on land","250","France","7271","Temperature change","7020","Meteorological year","2009","2009","°c","1.207","E","Estimated value"
"ET","Temperature change on land","250","France","7271","Temperature change","7020","Meteorological year","2010","2010","°c","0.391","E","Estimated value"
"ET","Temperature change on land","250","France","7271","Temperature change","7020","Meteorological year","2011","2011","°c","1.526","E","Estimated value"
"ET","Temperature change on land","250","France","7271","Temperature change","7020","Meteorological year","2012","2012","°c","1.212","E","Estimated value"
"ET","Temperature change on land","250","France","7271","Temperature change","7020","Meteorological year","2013","2013","°c","0.705","E","Estimated value"
"ET","Temperature change on land","250","France","7271","Temperature change","7020","Meteorological year","2014","2014","°c","2.036","E","Estimated value"
"ET","Temperature change on land","250","France","7271","Temperature change","7020","Meteorological year","2015","2015","°c","1.586","E","Estimated value"
"ET","Temperature change on land","250","France","7271","Temperature change","7020","Meteorological year","2016","2016","°c","1.764","E","Estimated value"
"ET","Temperature change on land","250","France","7271","Temperature change","7020","Meteorological year","2017","2017","°c","1.764","E","Estimated value"
"ET","Temperature change on land","250","France","7271","Temperature change","7020","Meteorological year","2018","2018","°c","2.007","E","Estimated value"
"ET","Temperature change on land","250","France","7271","Temperature change","7020","Meteorological year","2019","2019","°c","1.968","E","Estimated value"
"ET","Temperature change on land","250","France","7271","Temperature change","7020","Meteorological year","2020","2020","°c","2.494","E","Estimated value"
"ET","Temperature change on land","250","France","7271","Temperature change","7020","Meteorological year","2021","2021","°c","1.284","E","Estimated value"
"ET","Temperature change on land","276","Germany","7271","Temperature change","7020","Meteorological year","2000","2000","°c","1.765","E","Estimated value"
"ET","Temperature change on land","276","Germany","7271","Temperature change","7020","Meteorological year","2001","2001","°c","1.293","E","Estimated value"
"ET","Temperature change on land","276","Germany","7271","Temperature change","7020","Meteorological year","2002","2002","°c","1.492","E","Estimated value"
"ET","Temperature change on land","276","Germany","7271","Temperature change","7020","Meteorological year","2003","2003","°c","1.261","E","Estimated value"
"ET","Temperature change on land","276","Germany","7271","Temperature change","7020","Meteorological year","2004","2004","°c","1.004","E","Estimated value"
"ET","Temperature change on land","276","Germany","7271","Temperature change","7020","Meteorological year","2005","2005","°c","1.031","E","Estimated value"
"ET","Temperature change on land","276","Germany","7271","Temperature change","7020","Meteorological year","2006","2006","°c","1.263","E","Estimated value"
"ET","Temperature change on land","276","Germany","7271","Temperature change","7020","Meteorological year","2007","2007","°c","2.098","E","Estimated value"
"ET","Temperature change on land","276","Germany","7271","Temperature change","7020","Meteorological year","2008","2008","°c","1.55","E","Estimated value"
"ET","Temperature change on land","276","Germany","7271","Temperature change","7020","Meteorological year","2009","2009","°c","1.287","E","Estimated value"
"ET","Temperature change on land","276","Germany","7271","Temperature change","7020","Meteorological year","2010","2010","°c","0.2","E","Estimated value"
"ET","Temperature change on land","276","Germany","7271","Temperature change","7020","Meteorological year","2011","2011","°c","1.126","E","Estimated value"
"ET","Temperature change on land","276","Germany","7271","Temperature change","7020","Meteorological year","2012","2012","°c","1.354","E","Estimated value"
"ET","Temperature change on land","276","Germany","7271","Temperature change","7020","Meteorological year","2013","2013","°c","0.588","E","Estimated value"
"ET","Temperature change on land","276","Germany","7271","Temperature change","7020","Meteorological year","2014","2014","°c","2.518","E","Estimated value"
"ET","Temperature change on land","276","Germany","7271","Temperature change","7020","Meteorological year","2015","2015","°c","1.67","E","Estimated value"
"ET","Temperature change on land","276","Germany","7271","Temperature change","7020","Meteorological year","2016","2016","°c","1.982","E","Estimated value"
"ET","Temperature change on land","276","Germany","7271","Temperature change","7020","Meteorological year","2017","2017","°c","1.645","E","Estimated value"
"ET","Temperature change on land","276","Germany","7271","Temperature change","7020","Meteorological year","2018","2018","°c","2.385","E","Estimated value"
"ET","Temperature change on land","276","Germany","7271","Temperature change","7020","Meteorological year","2019","2019","°c","2.322","E","Estimated value"
"ET","Temperature change on land","276","Germany","7271","Temperature change","7020","Meteorological year","2020","2020","°c","2.506","E","Estimated value"
"ET","Temperature change on land","276","Germany","7271","Temperature change","7020","Meteorological year","2021","2021","°c","1.315","E","Estimated value"
"ET","Temperature change on land","300","Greece","7271","Temperature change","7020","Meteorological year","2000","2000","°c","0.704","E","Estimated value"
"ET","Temperature change on land","300","Greece","7271","Temperature change","7020","Meteorological year","2001","2001","°c","1.348","E","Estimated value"
"ET","Temperature change on land","300","Greece","7271","Temperature change","7020","Meteorological year","2002","2002","°c","0.486","E","Estimated value"
"ET","Temperature change on land","300","Greece","7271","Temperature change","7020","Meteorological year","2003","2003","°c","0.435","E","Estimated value"
"ET","Temperature change on land","300","Greece","7271","Temperature change","7020","Meteorological year","2004","2004","°c","0.386","E","Estimated value"
"ET","Temperature change on land","300","Greece","7271","Temperature change","7020","Meteorological year","2005","2005","°c","0.243","E","Estimated value"
"ET","Temperature change on land","300","Greece","7271","Temperature change","7020","Meteorological year","2006","2006","°c","0.286","E","Estimated value"
"ET","Temperature change on land","300","Greece","7271","Temperature change","7020","Meteorological year","2007","2007","°c","1.096","E","Estimated value"
"ET","Temperature change on land","300","Greece","7271","Temperature change","7020","Meteorological year","2008","2008","°c","0.881","E","Estimated value"
"ET","Temperature change on land","300","Greece","7271","Temperature change","7020","Meteorological year","2009","2009","°c","0.761","E","Estimated value"
"ET","Temperature change on land","300","Greece","7271","Temperature change","7020","Meteorological year","2010","2010","°c","1.574","E","Estimated value"
"ET","Temperature change on land","300","Greece","7271","Temperature change","7020","Meteorological year","2011","2011","°c","0.387","E","Estimated value"
"ET","Temperature change on land","300","Greece","7271","Temperature change","7020","Meteorological year","2012","2012","°c","1.22","E","Estimated value"
"ET","Temperature change on land","300","Greece","7271","Temperature change","7020","Meteorological year","2013","2013","°c","1.309","E","Estimated value"
"ET","Temperature change on land","300","Greece","7271","Temperature change","7020","Meteorological year","2014","2014","°c","1.037","E","Estimated value"
"ET","Temperature change on land","300","Greece","7271","Temperature change","7020","Meteorological year","2015","2015","°c","0.87","E","Estimated value"
"ET","Temperature change on land","300","Greece","7271","Temperature change","7020","Meteorological year","2016","2016","°c","1.545","E","Estimated value"
"ET","Temperature change on land","300","Greece","7271","Temperature change","7020","Meteorological year","2017","2017","°c","0.604","E","Estimated value"
"ET","Temperature change on land","300","Greece","7271","Temperature change","7020","Meteorological year","2018","2018","°c","1.851","E","Estimated value"
"ET","Temperature change on land","300","Greece","7271","Temperature change","7020","Meteorological year","2019","2019","°c","1.309","E","Estimated value"
"ET","Temperature change on land","300","Greece","7271","Temperature change","7020","Meteorological year","2020","2020","°c","1.238","E","Estimated value"
"ET","Temperature change on land","300","Greece","7271","Temperature change","7020","Meteorological year","2021","2021","°c","1.587","E","Estimated value"
"ET","Temperature change on land","348","Hungary","7271","Temperature change","7020","Meteorological year","2000","2000","°c","1.768","E","Estimated value"
"ET","Temperature change on land","348","Hungary","7271","Temperature change","7020","Meteorological year","2001","2001","°c","1.423","E","Estimated value"
"ET","Temperature change on land","348","Hungary","7271","Temperature change","7020","Meteorological year","2002","2002","°c","1.454","E","Estimated value"
"ET","Temperature change on land","348","Hungary","7271","Temperature change","7020","Meteorological year","2003","2003","°c","0.741","E","Estimated value"
"ET","Temperature change on land","348","Hungary","7271","Temperature change","7020","Meteorological year","2004","2004","°c","0.581","E","Estimated value"
"ET","Temperature change on land","348","Hungary","7271","Temperature change","7020","Meteorological year","2005","2005","°c","0.264","E","Estimated value"
"ET","Temperature change on land","348","Hungary","7271","Temperature change","7020","Meteorological year","2006","2006","°c","0.724","E","Estimated value"
"ET","Temperature change on land","348","Hungary","7271","Temperature change","7020","Meteorological year","2007","2007","°c","2.165","E","Estimated value"
"ET","Temperature change on land","348","Hungary","7271","Temperature change","7020","Meteorological year","2008","2008","°c","1.514","E","Estimated value"
"ET","Temperature change on land","348","Hungary","7271","Temperature change","7020","Meteorological year","2009","2009","°c","1.63","E","Estimated value"
"ET","Temperature change on land","348","Hungary","7271","Temperature change","7020","Meteorological year","2010","2010","°c","0.822","E","Estimated value"
"ET","Temperature change on land","348","Hungary","7271","Temperature change","7020","Meteorological year","2011","2011","°c","0.904","E","Estimated value"
"ET","Temperature change on land","348","Hungary","7271","Temperature change","7020","Meteorological year","2012","2012","°c","1.745","E","Estimated value"
"ET","Temperature change on land","348","Hungary","7271","Temperature change","7020","Meteorological year","2013","2013","°c","1.173","E","Estimated value"
"ET","Temperature change on land","348","Hungary","7271","Temperature change","7020","Meteorological year","2014","2014","°c","2.216","E","Estimated value"
"ET","Temperature change on land","348","Hungary","7271","Temperature change","7020","Meteorological year","2015","2015","°c","2.056","E","Estimated value"
"ET","Temperature change on land","348","Hungary","7271","Temperature change","7020","Meteorological year","2016","2016","°c","1.885","E","Estimated value"
"ET","Temperature change on land","348","Hungary","7271","Temperature change","7020","Meteorological year","2017","2017","°c","1.327","E","Estimated value"
"ET","Temperature change on land","348","Hungary","7271","Temperature change","7020","Meteorological year","2018","2018","°c","2.511","E","Estimated value"
"ET","Temperature change on land","348","Hungary","7271","Temperature change","7020","Meteorological year","2019","2019","°c","2.332","E","Estimated value"
"ET","Temperature change on land","348","Hungary","7271","Temperature change","7020","Meteorological year","2020","2020","°c","1.956","E","Estimated value"
"ET","Temperature change on land","348","Hungary","7271","Temperature change","7020","Meteorological year","2021","2021","°c","1.408","E","Estimated value"
"ET","Temperature change on land","372","Ireland","7271","Temperature change","7020","Meteorological year","2000","2000","°c","0.548","E","Estimated value"
"ET","Temperature change on land","372","Ireland","7271","Temperature change","7020","Meteorological year","2001","2001","°c","0.522","E","Estimated value"
"ET","Temperature change on land","372","Ireland","7271","Temperature change","7020","Meteorological year","2002","2002","°c","0.802","E","Estimated value"
"ET","Temperature change on land","372","Ireland","7271","Temperature change","7020","Meteorological year","2003","2003","°c","0.995","E","Estimated value"
"ET","Temperature change on land","372","Ireland","7271","Temperature change","7020","Meteorological year","2004","2004","°c","0.865","E","Estimated value"
"ET","Temperature change on land","372","Ireland","7271","Temperature change","7020","Meteorological year","2005","2005","°c","1.147","E","Estimated value"
"ET","Temperature change on land","372","Ireland","7271","Temperature change","7020","Meteorological year","2006","2006","°c","1.135","E","Estimated value"
"ET","Temperature change on land","372","Ireland","7271","Temperature change","7020","Meteorological year","2007","2007","°c","1.326","E","Estimated value"
"ET","Temperature change on land","372","Ireland","7271","Temperature change","7020","Meteorological year","2008","2008","°c","0.818","E","Estimated value"
"ET","Temperature change on land","372","Ireland","7271","Temperature change","7020","Meteorological year","2009","2009","°c","0.785","E","Estimated value"
"ET","Temperature change on land","372","Ireland","7271","Temperature change","7020","Meteorological year","2010","2010","°c","-0.127","E","Estimated value"
"ET","Temperature change on land","372","Ireland","7271","Temperature change","7020","Meteorological year","2011","2011","°c","0.536","E","Estimated value"
"ET","Temperature change on land","372","Ireland","7271","Temperature change","7020","Meteorological year","2012","2012","°c","0.683","E","Estimated value"
"ET","Temperature change on land","372","Ireland","7271","Temperature change","7020","Meteorological year","2013","2013","°c","0.565","E","Estimated value"
"ET","Temperature change on land","372","Ireland","7271","Temperature change","7020","Meteorological year","2014","2014","°c","1.368","E","Estimated value"
"ET","Temperature change on land","372","Ireland","7271","Temperature change","7020","Meteorological year","2015","2015","°c","0.447","E","Estimated value"
"ET","Temperature change on land","372","Ireland","7271","Temperature change","7020","Meteorological year","2016","2016","°c","1.034","E","Estimated value"
"ET","Temperature change on land","372","Ireland","7271","Temperature change","7020","Meteorological year","2017","2017","°c","1.254","E","Estimated value"
"ET","Temperature change on land","372","Ireland","7271","Temperature change","7020","Meteorological year","2018","2018","°c","0.769","E","Estimated value"
"ET","Temperature change on land","372","Ireland","7271","Temperature change","7020","Meteorological year","2019","2019","°c","1.182","E","Estimated value"
"ET","Temperature change on land","372","Ireland","7271","Temperature change","7020","Meteorological year","2020","2020","°c","1.05","E","Estimated value"
"ET","Temperature change on land","372","Ireland","7271","Temperature change","7020","Meteorological year","2021","2021","°c","0.989","E","Estimated value"
"ET","Temperature change on land","380","Italy","7271","Temperature change","7020","Meteorological year","2000","2000","°c","1.202","E","Estimated value"
"ET","Temperature change on land","380","Italy","7271","Temperature change","7020","Meteorological year","2001","2001","°c","1.495","E","Estimated value"
"ET","Temperature change on land","380","Italy","7271","Temperature change","7020","Meteorological year","2002","2002","°c","0.877","E","Estimated value"
"ET","Temperature change on land","380","Italy","7271","Temperature change","7020","Meteorological year","2003","2003","°c","1.489","E","Estimated value"
"ET","Temperature change on land","380","Italy","7271","Temperature change","7020","Meteorological year","2004","2004","°c","0.71","E","Estimated value"
"ET","Temperature change on land","380","Italy","7271","Temperature change","7020","Meteorological year","2005","2005","°c","0.534","E","Estimated value"
"ET","Temperature change on land","380","Italy","7271","Temperature change","7020","Meteorological year","2006","2006","°c","0.826","E","Estimated value"
"ET","Temperature change on land","380","Italy","7271","Temperature change","7020","Meteorological year","2007","2007","°c","1.532","E","Estimated value"
"ET","Temperature change on land","380","Italy","7271","Temperature change","7020","Meteorological year","2008","2008","°c","1.125","E","Estimated value"
"ET","Temperature change on land","380","Italy","7271","Temperature change","7020","Meteorological year","2009","2009","°c","1.213","E","Estimated value"
"ET","Temperature change on land","380","Italy","7271","Temperature change","7020","Meteorological year","2010","2010","°c","0.728","E","Estimated value"
"ET","Temperature change on land","380","Italy","7271","Temperature change","7020","Meteorological year","2011","2011","°c","1.221","E","Estimated value"
"ET","Temperature change on land","380","Italy","7271","Temperature change","7020","Meteorological year","2012","2012","°c","1.512","E","Estimated value"
"ET","Temperature change on land","380","Italy","7271","Temperature change","7020","Meteorological year","2013","2013","°c","0.974","E","Estimated value"
"ET","Temperature change on land","380","Italy","7271","Temperature change","7020","Meteorological year","2014","2014","°c","1.618","E","Estimated value"
"ET","Temperature change on land","380","Italy","7271","Temperature change","7020","Meteorological year","2015","2015","°c","1.704","E","Estimated value"
"ET","Temperature change on land","380","Italy","7271","Temperature change","7020","Meteorological year","2016","2016","°c","1.71","E","Estimated value"
"ET","Temperature change on land","380","Italy","7271","Temperature change","7020","Meteorological year","2017","2017","°c","1.611","E","Estimated value"
"ET","Temperature change on land","380","Italy","7271","Temperature change","7020","Meteorological year","2018","2018","°c","1.843","E","Estimated value"
"ET","Temperature change on land","380","Italy","7271","Temperature change","7020","Meteorological year","2019","2019","°c","1.695","E","Estimated value"
"ET","Temperature change on land","380","Italy","7271","Temperature change","7020","Meteorological year","2020","2020","°c","1.889","E","Estimated value"
"ET","Temperature change on land","380","Italy","7271","Temperature change","7020","Meteorological year","2021","2021","°c","1.579","E","Estimated value"
"ET","Temperature change on land","428","Latvia","7271","Temperature change","7020","Meteorological year","2000","2000","°c","2.008","E","Estimated value"
"ET","Temperature change on land","428","Latvia","7271","Temperature change","7020","Meteorological year","2001","2001","°c","1.813","E","Estimated value"
"ET","Temperature change on land","428","Latvia","7271","Temperature change","7020","Meteorological year","2002","2002","°c","1.712","E","Estimated value"
"ET","Temperature change on land","428","Latvia","7271","Temperature change","7020","Meteorological year","2003","2003","°c","0.238","E","Estimated value"
"ET","Temperature change on land","428","Latvia","7271","Temperature change","7020","Meteorological year","2004","2004","°c","1.015","E","Estimated value"
"ET","Temperature change on land","428","Latvia","7271","Temperature change","7020","Meteorological year","2005","2005","°c","1.353","E","Estimated value"
"ET","Temperature change on land","428","Latvia","7271","Temperature change","7020","Meteorological year","2006","2006","°c","1.089","E","Estimated value"
"ET","Temperature change on land","428","Latvia","7271","Temperature change","7020","Meteorological year","2007","2007","°c","2.207","E","Estimated value"
"ET","Temperature change on land","428","Latvia","7271","Temperature change","7020","Meteorological year","2008","2008","°c","2.4","E","Estimated value"
"ET","Temperature change on land","428","Latvia","7271","Temperature change","7020","Meteorological year","2009","2009","°c","1.514","E","Estimated value"
"ET","Temperature change on land","428","Latvia","7271","Temperature change","7020","Meteorological year","2010","2010","°c","0.681","E","Estimated value"
"ET","Temperature change on land","428","Latvia","7271","Temperature change","7020","Meteorological year","2011","2011","°c","1.142","E","Estimated value"
"ET","Temperature change on land","428","Latvia","7271","Temperature change","7020","Meteorological year","2012","2012","°c","1.391","E","Estimated value"
"ET","Temperature change on land","428","Latvia","7271","Temperature change","7020","Meteorological year","2013","2013","°c","1.061","E","Estimated value"
"ET","Temperature change on land","428","Latvia","7271","Temperature change","7020","Meteorological year","2014","2014","°c","2.301","E","Estimated value"
"ET","Temperature change on land","428","Latvia","7271","Temperature change","7020","Meteorological year","2015","2015","°c","2.14","E","Estimated value"
"ET","Temperature change on land","428","Latvia","7271","Temperature change","7020","Meteorological year","2016","2016","°c","1.928","E","Estimated value"
"ET","Temperature change on land","428","Latvia","7271","Temperature change","7020","Meteorological year","2017","2017","°c","1.487","E","Estimated value"
"ET","Temperature change on land","428","Latvia","7271","Temperature change","7020","Meteorological year","2018","2018","°c","2.342","E","Estimated value"
"ET","Temperature change on land","428","Latvia","7271","Temperature change","7020","Meteorological year","2019","2019","°c","2.44","E","Estimated value"
"ET","Temperature change on land","428","Latvia","7271","Temperature change","7020","Meteorological year","2020","2020","°c","3.532","E","Estimated value"
"ET","Temperature change on land","428","Latvia","7271","Temperature change","7020","Meteorological year","2021","2021","°c","1.965","E","Estimated value"
"ET","Temperature change on land","440","Lithuania","7271","Temperature change","7020","Meteorological year","2000","2000","°c","2.01","E","Estimated value"
"ET","Temperature change on land","440","Lithuania","7271","Temperature change","7020","Meteorological year","2001","2001","°c","1.788","E","Estimated value"
"ET","Temperature change on land","440","Lithuania","7271","Temperature change","7020","Meteorological year","2002","2002","°c","1.898","E","Estimated value"
"ET","Temperature change on land","440","Lithuania","7271","Temperature change","7020","Meteorological year","2003","2003","°c","0.169","E","Estimated value"
"ET","Temperature change on land","440","Lithuania","7271","Temperature change","7020","Meteorological year","2004","2004","°c","0.872","E","Estimated value"
"ET","Temperature change on land","440","Lithuania","7271","Temperature change","7020","Meteorological year","2005","2005","°c","1.2","E","Estimated value"
"ET","Temperature change on land","440","Lithuania","7271","Temperature change","7020","Meteorological year","2006","2006","°c","0.918","E","Estimated value"
"ET","Temperature change on land","440","Lithuania","7271","Temperature change","7020","Meteorological year","2007","2007","°c","2.191","E","Estimated value"
"ET","Temperature change on land","440","Lithuania","7271","Temperature change","7020","Meteorological year","2008","2008","°c","2.214","E","Estimated value"
"ET","Temperature change on land","440","Lithuania","7271","Temperature change","7020","Meteorological year","2009","2009","°c","1.38","E","Estimated value"
"ET","Temperature change on land","440","Lithuania","7271","Temperature change","7020","Meteorological year","2010","2010","°c","0.734","E","Estimated value"
"ET","Temperature change on land","440","Lithuania","7271","Temperature change","7020","Meteorological year","2011","2011","°c","0.937","E","Estimated value"
"ET","Temperature change on land","440","Lithuania","7271","Temperature change","7020","Meteorological year","2012","2012","°c","1.343","E","Estimated value"
"ET","Temperature change on land","440","Lithuania","7271","Temperature change","7020","Meteorological year","2013","2013","°c","0.939","E","Estimated value"
"ET","Temperature change on land","440","Lithuania","7271","Temperature change","7020","Meteorological year","2014","2014","°c","2.206","E","Estimated value"
"ET","Temperature change on land","440","Lithuania","7271","Temperature change","7020","Meteorological year","2015","2015","°c","2.073","E","Estimated value"
"ET","Temperature change on land","440","Lithuania","7271","Temperature change","7020","Meteorological year","2016","2016","°c","1.929","E","Estimated value"
"ET","Temperature change on land","440","Lithuania","7271","Temperature change","7020","Meteorological year","2017","2017","°c","1.525","E","Estimated value"
"ET","Temperature change on land","440","Lithuania","7271","Temperature change","7020","Meteorological year","2018","2018","°c","2.408","E","Estimated value"
"ET","Temperature change on land","440","Lithuania","7271","Temperature change","7020","Meteorological year","2019","2019","°c","2.622","E","Estimated value"
"ET","Temperature change on land","440","Lithuania","7271","Temperature change","7020","Meteorological year","2020","2020","°c","3.429","E","Estimated value"
"ET","Temperature change on land","440","Lithuania","7271","Temperature change","7020","Meteorological year","2021","2021","°c","1.775","E","Estimated value"
"ET","Temperature change on land","442","Luxembourg","7271","Temperature change","7020","Meteorological year","2000","2000","°c","1.644","E","Estimated value"
"ET","Temperature change on land","442","Luxembourg","7271","Temperature change","7020","Meteorological year","2001","2001","°c","1.425","E","Estimated value"
"ET","Temperature change on land","442","Luxembourg","7271","Temperature change","7020","Meteorological year","2002","2002","°c","1.384","E","Estimated value"
"ET","Temperature change on land","442","Luxembourg","7271","Temperature change","7020","Meteorological year","2003","2003","°c","1.685","E","Estimated value"
"ET","Temperature change on land","442","Luxembourg","7271","Temperature change","7020","Meteorological year","2004","2004","°c","1.012","E","Estimated value"
"ET","Temperature change on land","442","Luxembourg","7271","Temperature change","7020","Meteorological year","2005","2005","°c","1.13","E","Estimated value"
"ET","Temperature change on land","442","Luxembourg","7271","Temperature change","7020","Meteorological year","2006","2006","°c","1.36","E","Estimated value"
"ET","Temperature change on land","442","Luxembourg","7271","Temperature change","7020","Meteorological year","2007","2007","°c","1.944","E","Estimated value"
"ET","Temperature change on land","442","Luxembourg","7271","Temperature change","7020","Meteorological year","2008","2008","°c","1.281","E","Estimated value"
"ET","Temperature change on land","442","Luxembourg","7271","Temperature change","7020","Meteorological year","2009","2009","°c","1.182","E","Estimated value"
"ET","Temperature change on land","442","Luxembourg","7271","Temperature change","7020","Meteorological year","2010","2010","°c","0.321","E","Estimated value"
"ET","Temperature change on land","442","Luxembourg","7271","Temperature change","7020","Meteorological year","2011","2011","°c","1.335","E","Estimated value"
"ET","Temperature change on land","442","Luxembourg","7271","Temperature change","7020","Meteorological year","2012","2012","°c","1.259","E","Estimated value"
"ET","Temperature change on land","442","Luxembourg","7271","Temperature change","7020","Meteorological year","2013","2013","°c","0.569","E","Estimated value"
"ET","Temperature change on land","442","Luxembourg","7271","Temperature change","7020","Meteorological year","2014","2014","°c","2.458","E","Estimated value"
"ET","Temperature change on land","442","Luxembourg","7271","Temperature change","7020","Meteorological year","2015","2015","°c","1.506","E","Estimated value"
"ET","Temperature change on land","442","Luxembourg","7271","Temperature change","7020","Meteorological year","2016","2016","°c","1.857","E","Estimated value"
"ET","Temperature change on land","442","Luxembourg","7271","Temperature change","7020","Meteorological year","2017","2017","°c","1.624","E","Estimated value"
"ET","Temperature change on land","442","Luxembourg","7271","Temperature change","7020","Meteorological year","2018","2018","°c","2.439","E","Estimated value"
"ET","Temperature change on land","442","Luxembourg","7271","Temperature change","7020","Meteorological year","2019","2019","°c","2.122","E","Estimated value"
"ET","Temperature change on land","442","Luxembourg","7271","Temperature change","7020","Meteorological year","2020","2020","°c","2.595","E","Estimated value"
"ET","Temperature change on land","442","Luxembourg","7271","Temperature change","7020","Meteorological year","2021","2021","°c","1.126","E","Estimated value"
"ET","Temperature change on land","470","Malta","7271","Temperature change","7020","Meteorological year","2000","2000","°c","1.034","E","Estimated value"
"ET","Temperature change on land","470","Malta","7271","Temperature change","7020","Meteorological year","2001","2001","°c","1.647","E","Estimated value"
"ET","Temperature change on land","470","Malta","7271","Temperature change","7020","Meteorological year","2002","2002","°c","0.913","E","Estimated value"
"ET","Temperature change on land","470","Malta","7271","Temperature change","7020","Meteorological year","2003","2003","°c","1.306","E","Estimated value"
"ET","Temperature change on land","470","Malta","7271","Temperature change","7020","Meteorological year","2004","2004","°c","0.588","E","Estimated value"
"ET","Temperature change on land","470","Malta","7271","Temperature change","7020","Meteorological year","2005","2005","°c","0.609","E","Estimated value"
"ET","Temperature change on land","470","Malta","7271","Temperature change","7020","Meteorological year","2006","2006","°c","0.933","E","Estimated value"
"ET","Temperature change on land","470","Malta","7271","Temperature change","7020","Meteorological year","2007","2007","°c","1.336","E","Estimated value"
"ET","Temperature change on land","470","Malta","7271","Temperature change","7020","Meteorological year","2008","2008","°c","1.175","E","Estimated value"
"ET","Temperature change on land","470","Malta","7271","Temperature change","7020","Meteorological year","2009","2009","°c","0.924","E","Estimated value"
"ET","Temperature change on land","470","Malta","7271","Temperature change","7020","Meteorological year","2010","2010","°c","1.052","E","Estimated value"
"ET","Temperature change on land","470","Malta","7271","Temperature change","7020","Meteorological year","2011","2011","°c","0.827","E","Estimated value"
"ET","Temperature change on land","470","Malta","7271","Temperature change","7020","Meteorological year","2012","2012","°c","1.317","E","Estimated value"
"ET","Temperature change on land","470","Malta","7271","Temperature change","7020","Meteorological year","2013","2013","°c","1.27","E","Estimated value"
"ET","Temperature change on land","470","Malta","7271","Temperature change","7020","Meteorological year","2014","2014","°c","1.454","E","Estimated value"
"ET","Temperature change on land","470","Malta","7271","Temperature change","7020","Meteorological year","2015","2015","°c","1.485","E","Estimated value"
"ET","Temperature change on land","470","Malta","7271","Temperature change","7020","Meteorological year","2016","2016","°c","1.713","E","Estimated value"
"ET","Temperature change on land","470","Malta","7271","Temperature change","7020","Meteorological year","2017","2017","°c","1.148","E","Estimated value"
"ET","Temperature change on land","470","Malta","7271","Temperature change","7020","Meteorological year","2018","2018","°c","1.327","E","Estimated value"
"ET","Temperature change on land","470","Malta","7271","Temperature change","7020","Meteorological year","2019","2019","°c","1.138","E","Estimated value"
"ET","Temperature change on land","470","Malta","7271","Temperature change","7020","Meteorological year","2020","2020","°c","1.466","E","Estimated value"
"ET","Temperature change on land","470","Malta","7271","Temperature change","7020","Meteorological year","2021","2021","°c","1.931","E","Estimated value"
"ET","Temperature change on land","528","Netherlands (Kingdom of the)","7271","Temperature change","7020","Meteorological year","2000","2000","°c","1.601","E","Estimated value"
"ET","Temperature change on land","528","Netherlands (Kingdom of the)","7271","Temperature change","7020","Meteorological year","2001","2001","°c","1.272","E","Estimated value"
"ET","Temperature change on land","528","Netherlands (Kingdom of the)","7271","Temperature change","7020","Meteorological year","2002","2002","°c","1.531","E","Estimated value"
"ET","Temperature change on land","528","Netherlands (Kingdom of the)","7271","Temperature change","7020","Meteorological year","2003","2003","°c","1.212","E","Estimated value"
"ET","Temperature change on land","528","Netherlands (Kingdom of the)","7271","Temperature change","7020","Meteorological year","2004","2004","°c","1.168","E","Estimated value"
"ET","Temperature change on land","528","Netherlands (Kingdom of the)","7271","Temperature change","7020","Meteorological year","2005","2005","°c","1.263","E","Estimated value"
"ET","Temperature change on land","528","Netherlands (Kingdom of the)","7271","Temperature change","7020","Meteorological year","2006","2006","°c","1.518","E","Estimated value"
"ET","Temperature change on land","528","Netherlands (Kingdom of the)","7271","Temperature change","7020","Meteorological year","2007","2007","°c","2.085","E","Estimated value"
"ET","Temperature change on land","528","Netherlands (Kingdom of the)","7271","Temperature change","7020","Meteorological year","2008","2008","°c","1.438","E","Estimated value"
"ET","Temperature change on land","528","Netherlands (Kingdom of the)","7271","Temperature change","7020","Meteorological year","2009","2009","°c","1.224","E","Estimated value"
"ET","Temperature change on land","528","Netherlands (Kingdom of the)","7271","Temperature change","7020","Meteorological year","2010","2010","°c","0.106","E","Estimated value"
"ET","Temperature change on land","528","Netherlands (Kingdom of the)","7271","Temperature change","7020","Meteorological year","2011","2011","°c","1.075","E","Estimated value"
"ET","Temperature change on land","528","Netherlands (Kingdom of the)","7271","Temperature change","7020","Meteorological year","2012","2012","°c","1.155","E","Estimated value"
"ET","Temperature change on land","528","Netherlands (Kingdom of the)","7271","Temperature change","7020","Meteorological year","2013","2013","°c","0.435","E","Estimated value"
"ET","Temperature change on land","528","Netherlands (Kingdom of the)","7271","Temperature change","7020","Meteorological year","2014","2014","°c","2.564","E","Estimated value"
"ET","Temperature change on land","528","Netherlands (Kingdom of the)","7271","Temperature change","7020","Meteorological year","2015","2015","°c","1.287","E","Estimated value"
"ET","Temperature change on land","528","Netherlands (Kingdom of the)","7271","Temperature change","7020","Meteorological year","2016","2016","°c","1.932","E","Estimated value"
"ET","Temperature change on land","528","Netherlands (Kingdom of the)","7271","Temperature change","7020","Meteorological year","2017","2017","°c","1.719","E","Estimated value"
"ET","Temperature change on land","528","Netherlands (Kingdom of the)","7271","Temperature change","7020","Meteorological year","2018","2018","°c","2.133","E","Estimated value"
"ET","Temperature change on land","528","Netherlands (Kingdom of the)","7271","Temperature change","7020","Meteorological year","2019","2019","°c","2.139","E","Estimated value"
"ET","Temperature change on land","528","Netherlands (Kingdom of the)","7271","Temperature change","7020","Meteorological year","2020","2020","°c","2.475","E","Estimated value"
"ET","Temperature change on land","528","Netherlands (Kingdom of the)","7271","Temperature change","7020","Meteorological year","2021","2021","°c","1.306","E","Estimated value"
"ET","Temperature change on land","616","Poland","7271","Temperature change","7020","Meteorological year","2000","2000","°c","1.88","E","Estimated value"
"ET","Temperature change on land","616","Poland","7271","Temperature change","7020","Meteorological year","2001","2001","°c","1.282","E","Estimated value"
"ET","Temperature change on land","616","Poland","7271","Temperature change","7020","Meteorological year","2002","2002","°c","1.697","E","Estimated value"
"ET","Temperature change on land","616","Poland","7271","Temperature change","7020","Meteorological year","2003","2003","°c","0.364","E","Estimated value"
"ET","Temperature change on land","616","Poland","7271","Temperature change","7020","Meteorological year","2004","2004","°c","0.777","E","Estimated value"
"ET","Temperature change on land","616","Poland","7271","Temperature change","7020","Meteorological year","2005","2005","°c","0.874","E","Estimated value"
"ET","Temperature change on land","616","Poland","7271","Temperature change","7020","Meteorological year","2006","2006","°c","0.827","E","Estimated value"
"ET","Temperature change on land","616","Poland","7271","Temperature change","7020","Meteorological year","2007","2007","°c","2.138","E","Estimated value"
"ET","Temperature change on land","616","Poland","7271","Temperature change","7020","Meteorological year","2008","2008","°c","1.741","E","Estimated value"
"ET","Temperature change on land","616","Poland","7271","Temperature change","7020","Meteorological year","2009","2009","°c","1.264","E","Estimated value"
"ET","Temperature change on land","616","Poland","7271","Temperature change","7020","Meteorological year","2010","2010","°c","0.392","E","Estimated value"
"ET","Temperature change on land","616","Poland","7271","Temperature change","7020","Meteorological year","2011","2011","°c","0.755","E","Estimated value"
"ET","Temperature change on land","616","Poland","7271","Temperature change","7020","Meteorological year","2012","2012","°c","1.372","E","Estimated value"
"ET","Temperature change on land","616","Poland","7271","Temperature change","7020","Meteorological year","2013","2013","°c","0.638","E","Estimated value"
"ET","Temperature change on land","616","Poland","7271","Temperature change","7020","Meteorological year","2014","2014","°c","2.356","E","Estimated value"
"ET","Temperature change on land","616","Poland","7271","Temperature change","7020","Meteorological year","2015","2015","°c","1.986","E","Estimated value"
"ET","Temperature change on land","616","Poland","7271","Temperature change","7020","Meteorological year","2016","2016","°c","2.03","E","Estimated value"
"ET","Temperature change on land","616","Poland","7271","Temperature change","7020","Meteorological year","2017","2017","°c","1.451","E","Estimated value"
"ET","Temperature change on land","616","Poland","7271","Temperature change","7020","Meteorological year","2018","2018","°c","2.411","E","Estimated value"
"ET","Temperature change on land","616","Poland","7271","Temperature change","7020","Meteorological year","2019","2019","°c","2.632","E","Estimated value"
"ET","Temperature change on land","616","Poland","7271","Temperature change","7020","Meteorological year","2020","2020","°c","2.658","E","Estimated value"
"ET","Temperature change on land","616","Poland","7271","Temperature change","7020","Meteorological year","2021","2021","°c","1.449","E","Estimated value"
"ET","Temperature change on land","620","Portugal","7271","Temperature change","7020","Meteorological year","2000","2000","°c","0.595","E","Estimated value"
"ET","Temperature change on land","620","Portugal","7271","Temperature change","7020","Meteorological year","2001","2001","°c","1.087","E","Estimated value"
"ET","Temperature change on land","620","Portugal","7271","Temperature change","7020","Meteorological year","2002","2002","°c","0.634","E","Estimated value"
"ET","Temperature change on land","620","Portugal","7271","Temperature change","7020","Meteorological year","2003","2003","°c","1.405","E","Estimated value"
"ET","Temperature change on land","620","Portugal","7271","Temperature change","7020","Meteorological year","2004","2004","°c","0.965","E","Estimated value"
"ET","Temperature change on land","620","Portugal","7271","Temperature change","7020","Meteorological year","2005","2005","°c","0.922","E","Estimated value"
"ET","Temperature change on land","620","Portugal","7271","Temperature change","7020","Meteorological year","2006","2006","°c","1.479","E","Estimated value"
"ET","Temperature change on land","620","Portugal","7271","Temperature change","7020","Meteorological year","2007","2007","°c","0.698","E","Estimated value"
"ET","Temperature change on land","620","Portugal","7271","Temperature change","7020","Meteorological year","2008","2008","°c","0.595","E","Estimated value"
"ET","Temperature change on land","620","Portugal","7271","Temperature change","7020","Meteorological year","2009","2009","°c","1.315","E","Estimated value"
"ET","Temperature change on land","620","Portugal","7271","Temperature change","7020","Meteorological year","2010","2010","°c","1.064","E","Estimated value"
"ET","Temperature change on land","620","Portugal","7271","Temperature change","7020","Meteorological year","2011","2011","°c","1.551","E","Estimated value"
"ET","Temperature change on land","620","Portugal","7271","Temperature change","7020","Meteorological year","2012","2012","°c","0.74","E","Estimated value"
"ET","Temperature change on land","620","Portugal","7271","Temperature change","7020","Meteorological year","2013","2013","°c","0.887","E","Estimated value"
"ET","Temperature change on land","620","Portugal","7271","Temperature change","7020","Meteorological year","2014","2014","°c","1.309","E","Estimated value"
"ET","Temperature change on land","620","Portugal","7271","Temperature change","7020","Meteorological year","2015","2015","°c","1.352","E","Estimated value"
"ET","Temperature change on land","620","Portugal","7271","Temperature change","7020","Meteorological year","2016","2016","°c","1.673","E","Estimated value"
"ET","Temperature change on land","620","Portugal","7271","Temperature change","7020","Meteorological year","2017","2017","°c","2.111","E","Estimated value"
"ET","Temperature change on land","620","Portugal","7271","Temperature change","7020","Meteorological year","2018","2018","°c","0.862","E","Estimated value"
"ET","Temperature change on land","620","Portugal","7271","Temperature change","7020","Meteorological year","2019","2019","°c","1.249","E","Estimated value"
"ET","Temperature change on land","620","Portugal","7271","Temperature change","7020","Meteorological year","2020","2020","°c","1.95","E","Estimated value"
"ET","Temperature change on land","620","Portugal","7271","Temperature change","7020","Meteorological year","2021","2021","°c","1.198","E","Estimated value"
"ET","Temperature change on land","642","Romania","7271","Temperature change","7020","Meteorological year","2000","2000","°c","1.315","E","Estimated value"
"ET","Temperature change on land","642","Romania","7271","Temperature change","7020","Meteorological year","2001","2001","°c","1.51","E","Estimated value"
"ET","Temperature change on land","642","Romania","7271","Temperature change","7020","Meteorological year","2002","2002","°c","1.19","E","Estimated value"
"ET","Temperature change on land","642","Romania","7271","Temperature change","7020","Meteorological year","2003","2003","°c","0.112","E","Estimated value"
"ET","Temperature change on land","642","Romania","7271","Temperature change","7020","Meteorological year","2004","2004","°c","0.527","E","Estimated value"
"ET","Temperature change on land","642","Romania","7271","Temperature change","7020","Meteorological year","2005","2005","°c","0.27","E","Estimated value"
"ET","Temperature change on land","642","Romania","7271","Temperature change","7020","Meteorological year","2006","2006","°c","0.487","E","Estimated value"
"ET","Temperature change on land","642","Romania","7271","Temperature change","7020","Meteorological year","2007","2007","°c","2.096","E","Estimated value"
"ET","Temperature change on land","642","Romania","7271","Temperature change","7020","Meteorological year","2008","2008","°c","1.303","E","Estimated value"
"ET","Temperature change on land","642","Romania","7271","Temperature change","7020","Meteorological year","2009","2009","°c","1.573","E","Estimated value"
"ET","Temperature change on land","642","Romania","7271","Temperature change","7020","Meteorological year","2010","2010","°c","1.116","E","Estimated value"
"ET","Temperature change on land","642","Romania","7271","Temperature change","7020","Meteorological year","2011","2011","°c","0.443","E","Estimated value"
"ET","Temperature change on land","642","Romania","7271","Temperature change","7020","Meteorological year","2012","2012","°c","1.772","E","Estimated value"
"ET","Temperature change on land","642","Romania","7271","Temperature change","7020","Meteorological year","2013","2013","°c","1.311","E","Estimated value"
"ET","Temperature change on land","642","Romania","7271","Temperature change","7020","Meteorological year","2014","2014","°c","1.47","E","Estimated value"
"ET","Temperature change on land","642","Romania","7271","Temperature change","7020","Meteorological year","2015","2015","°c","1.699","E","Estimated value"
"ET","Temperature change on land","642","Romania","7271","Temperature change","7020","Meteorological year","2016","2016","°c","1.775","E","Estimated value"
"ET","Temperature change on land","642","Romania","7271","Temperature change","7020","Meteorological year","2017","2017","°c","1.051","E","Estimated value"
"ET","Temperature change on land","642","Romania","7271","Temperature change","7020","Meteorological year","2018","2018","°c","2.156","E","Estimated value"
"ET","Temperature change on land","642","Romania","7271","Temperature change","7020","Meteorological year","2019","2019","°c","2.138","E","Estimated value"
"ET","Temperature change on land","642","Romania","7271","Temperature change","7020","Meteorological year","2020","2020","°c","2.124","E","Estimated value"
"ET","Temperature change on land","642","Romania","7271","Temperature change","7020","Meteorological year","2021","2021","°c","1.322","E","Estimated value"
"ET","Temperature change on land","703","Slovakia","7271","Temperature change","7020","Meteorological year","2000","2000","°c","1.629","E","Estimated value"
"ET","Temperature change on land","703","Slovakia","7271","Temperature change","7020","Meteorological year","2001","2001","°c","1.244","E","Estimated value"
"ET","Temperature change on land","703","Slovakia","7271","Temperature change","7020","Meteorological year","2002","2002","°c","1.382","E","Estimated value"
"ET","Temperature change on land","703","Slovakia","7271","Temperature change","7020","Meteorological year","2003","2003","°c","0.652","E","Estimated value"
"ET","Temperature change on land","703","Slovakia","7271","Temperature change","7020","Meteorological year","2004","2004","°c","0.547","E","Estimated value"
"ET","Temperature change on land","703","Slovakia","7271","Temperature change","7020","Meteorological year","2005","2005","°c","0.394","E","Estimated value"
"ET","Temperature change on land","703","Slovakia","7271","Temperature change","7020","Meteorological year","2006","2006","°c","0.623","E","Estimated value"
"ET","Temperature change on land","703","Slovakia","7271","Temperature change","7020","Meteorological year","2007","2007","°c","2.141","E","Estimated value"
"ET","Temperature change on land","703","Slovakia","7271","Temperature change","7020","Meteorological year","2008","2008","°c","1.513","E","Estimated value"
"ET","Temperature change on land","703","Slovakia","7271","Temperature change","7020","Meteorological year","2009","2009","°c","1.485","E","Estimated value"
"ET","Temperature change on land","703","Slovakia","7271","Temperature change","7020","Meteorological year","2010","2010","°c","0.673","E","Estimated value"
"ET","Temperature change on land","703","Slovakia","7271","Temperature change","7020","Meteorological year","2011","2011","°c","0.826","E","Estimated value"
"ET","Temperature change on land","703","Slovakia","7271","Temperature change","7020","Meteorological year","2012","2012","°c","1.558","E","Estimated value"
"ET","Temperature change on land","703","Slovakia","7271","Temperature change","7020","Meteorological year","2013","2013","°c","0.936","E","Estimated value"
"ET","Temperature change on land","703","Slovakia","7271","Temperature change","7020","Meteorological year","2014","2014","°c","2.344","E","Estimated value"
"ET","Temperature change on land","703","Slovakia","7271","Temperature change","7020","Meteorological year","2015","2015","°c","2.078","E","Estimated value"
"ET","Temperature change on land","703","Slovakia","7271","Temperature change","7020","Meteorological year","2016","2016","°c","1.917","E","Estimated value"
"ET","Temperature change on land","703","Slovakia","7271","Temperature change","7020","Meteorological year","2017","2017","°c","1.235","E","Estimated value"
"ET","Temperature change on land","703","Slovakia","7271","Temperature change","7020","Meteorological year","2018","2018","°c","2.507","E","Estimated value"
"ET","Temperature change on land","703","Slovakia","7271","Temperature change","7020","Meteorological year","2019","2019","°c","2.378","E","Estimated value"
"ET","Temperature change on land","703","Slovakia","7271","Temperature change","7020","Meteorological year","2020","2020","°c","1.982","E","Estimated value"
"ET","Temperature change on land","703","Slovakia","7271","Temperature change","7020","Meteorological year","2021","2021","°c","1.243","E","Estimated value"
"ET","Temperature change on land","705","Slovenia","7271","Temperature change","7020","Meteorological year","2000","2000","°c","1.802","E","Estimated value"
"ET","Temperature change on land","705","Slovenia","7271","Temperature change","7020","Meteorological year","2001","2001","°c","1.725","E","Estimated value"
"ET","Temperature change on land","705","Slovenia","7271","Temperature change","7020","Meteorological year","2002","2002","°c","1.524","E","Estimated value"
"ET","Temperature change on land","705","Slovenia","7271","Temperature change","7020","Meteorological year","2003","2003","°c","1.448","E","Estimated value"
"ET","Temperature change on land","705","Slovenia","7271","Temperature change","7020","Meteorological year","2004","2004","°c","0.751","E","Estimated value"
"ET","Temperature change on land","705","Slovenia","7271","Temperature change","7020","Meteorological year","2005","2005","°c","0.503","E","Estimated value"
"ET","Temperature change on land","705","Slovenia","7271","Temperature change","7020","Meteorological year","2006","2006","°c","0.89","E","Estimated value"
"ET","Temperature change on land","705","Slovenia","7271","Temperature change","7020","Meteorological year","2007","2007","°c","2.194","E","Estimated value"
"ET","Temperature change on land","705","Slovenia","7271","Temperature change","7020","Meteorological year","2008","2008","°c","1.603","E","Estimated value"
"ET","Temperature change on land","705","Slovenia","7271","Temperature change","7020","Meteorological year","2009","2009","°c","1.655","E","Estimated value"
"ET","Temperature change on land","705","Slovenia","7271","Temperature change","7020","Meteorological year","2010","2010","°c","0.796","E","Estimated value"
"ET","Temperature change on land","705","Slovenia","7271","Temperature change","7020","Meteorological year","2011","2011","°c","1.38","E","Estimated value"
"ET","Temperature change on land","705","Slovenia","7271","Temperature change","7020","Meteorological year","2012","2012","°c","1.957","E","Estimated value"
"ET","Temperature change on land","705","Slovenia","7271","Temperature change","7020","Meteorological year","2013","2013","°c","1.256","E","Estimated value"
"ET","Temperature change on land","705","Slovenia","7271","Temperature change","7020","Meteorological year","2014","2014","°c","2.457","E","Estimated value"
"ET","Temperature change on land","705","Slovenia","7271","Temperature change","7020","Meteorological year","2015","2015","°c","2.149","E","Estimated value"
"ET","Temperature change on land","705","Slovenia","7271","Temperature change","7020","Meteorological year","2016","2016","°c","2.068","E","Estimated value"
"ET","Temperature change on land","705","Slovenia","7271","Temperature change","7020","Meteorological year","2017","2017","°c","1.744","E","Estimated value"
"ET","Temperature change on land","705","Slovenia","7271","Temperature change","7020","Meteorological year","2018","2018","°c","2.438","E","Estimated value"
"ET","Temperature change on land","705","Slovenia","7271","Temperature change","7020","Meteorological year","2019","2019","°c","2.362","E","Estimated value"
"ET","Temperature change on land","705","Slovenia","7271","Temperature change","7020","Meteorological year","2020","2020","°c","2.254","E","Estimated value"
"ET","Temperature change on land","705","Slovenia","7271","Temperature change","7020","Meteorological year","2021","2021","°c","1.569","E","Estimated value"
"ET","Temperature change on land","724","Spain","7271","Temperature change","7020","Meteorological year","2000","2000","°c","0.787","E","Estimated value"
"ET","Temperature change on land","724","Spain","7271","Temperature change","7020","Meteorological year","2001","2001","°c","1.381","E","Estimated value"
"ET","Temperature change on land","724","Spain","7271","Temperature change","7020","Meteorological year","2002","2002","°c","0.79","E","Estimated value"
"ET","Temperature change on land","724","Spain","7271","Temperature change","7020","Meteorological year","2003","2003","°c","1.585","E","Estimated value"
"ET","Temperature change on land","724","Spain","7271","Temperature change","7020","Meteorological year","2004","2004","°c","0.982","E","Estimated value"
"ET","Temperature change on land","724","Spain","7271","Temperature change","7020","Meteorological year","2005","2005","°c","0.864","E","Estimated value"
"ET","Temperature change on land","724","Spain","7271","Temperature change","7020","Meteorological year","2006","2006","°c","1.495","E","Estimated value"
"ET","Temperature change on land","724","Spain","7271","Temperature change","7020","Meteorological year","2007","2007","°c","0.806","E","Estimated value"
"ET","Temperature change on land","724","Spain","7271","Temperature change","7020","Meteorological year","2008","2008","°c","0.846","E","Estimated value"
"ET","Temperature change on land","724","Spain","7271","Temperature change","7020","Meteorological year","2009","2009","°c","1.332","E","Estimated value"
"ET","Temperature change on land","724","Spain","7271","Temperature change","7020","Meteorological year","2010","2010","°c","0.893","E","Estimated value"
"ET","Temperature change on land","724","Spain","7271","Temperature change","7020","Meteorological year","2011","2011","°c","1.599","E","Estimated value"
"ET","Temperature change on land","724","Spain","7271","Temperature change","7020","Meteorological year","2012","2012","°c","1.027","E","Estimated value"
"ET","Temperature change on land","724","Spain","7271","Temperature change","7020","Meteorological year","2013","2013","°c","0.894","E","Estimated value"
"ET","Temperature change on land","724","Spain","7271","Temperature change","7020","Meteorological year","2014","2014","°c","1.589","E","Estimated value"
"ET","Temperature change on land","724","Spain","7271","Temperature change","7020","Meteorological year","2015","2015","°c","1.503","E","Estimated value"
"ET","Temperature change on land","724","Spain","7271","Temperature change","7020","Meteorological year","2016","2016","°c","1.689","E","Estimated value"
"ET","Temperature change on land","724","Spain","7271","Temperature change","7020","Meteorological year","2017","2017","°c","2.003","E","Estimated value"
"ET","Temperature change on land","724","Spain","7271","Temperature change","7020","Meteorological year","2018","2018","°c","1.107","E","Estimated value"
"ET","Temperature change on land","724","Spain","7271","Temperature change","7020","Meteorological year","2019","2019","°c","1.49","E","Estimated value"
"ET","Temperature change on land","724","Spain","7271","Temperature change","7020","Meteorological year","2020","2020","°c","2.037","E","Estimated value"
"ET","Temperature change on land","724","Spain","7271","Temperature change","7020","Meteorological year","2021","2021","°c","1.373","E","Estimated value"
"ET","Temperature change on land","752","Sweden","7271","Temperature change","7020","Meteorological year","2000","2000","°c","1.726","E","Estimated value"
"ET","Temperature change on land","752","Sweden","7271","Temperature change","7020","Meteorological year","2001","2001","°c","1.072","E","Estimated value"
"ET","Temperature change on land","752","Sweden","7271","Temperature change","7020","Meteorological year","2002","2002","°c","1.569","E","Estimated value"
"ET","Temperature change on land","752","Sweden","7271","Temperature change","7020","Meteorological year","2003","2003","°c","0.913","E","Estimated value"
"ET","Temperature change on land","752","Sweden","7271","Temperature change","7020","Meteorological year","2004","2004","°c","1.2","E","Estimated value"
"ET","Temperature change on land","752","Sweden","7271","Temperature change","7020","Meteorological year","2005","2005","°c","1.824","E","Estimated value"
"ET","Temperature change on land","752","Sweden","7271","Temperature change","7020","Meteorological year","2006","2006","°c","1.486","E","Estimated value"
"ET","Temperature change on land","752","Sweden","7271","Temperature change","7020","Meteorological year","2007","2007","°c","1.939","E","Estimated value"
"ET","Temperature change on land","752","Sweden","7271","Temperature change","7020","Meteorological year","2008","2008","°c","1.957","E","Estimated value"
"ET","Temperature change on land","752","Sweden","7271","Temperature change","7020","Meteorological year","2009","2009","°c","1.438","E","Estimated value"
"ET","Temperature change on land","752","Sweden","7271","Temperature change","7020","Meteorological year","2010","2010","°c","-0.279","E","Estimated value"
"ET","Temperature change on land","752","Sweden","7271","Temperature change","7020","Meteorological year","2011","2011","°c","1.269","E","Estimated value"
"ET","Temperature change on land","752","Sweden","7271","Temperature change","7020","Meteorological year","2012","2012","°c","1.313","E","Estimated value"
"ET","Temperature change on land","752","Sweden","7271","Temperature change","7020","Meteorological year","2013","2013","°c","0.857","E","Estimated value"
"ET","Temperature change on land","752","Sweden","7271","Temperature change","7020","Meteorological year","2014","2014","°c","2.705","E","Estimated value"
"ET","Temperature change on land","752","Sweden","7271","Temperature change","7020","Meteorological year","2015","2015","°c","2.072","E","Estimated value"
"ET","Temperature change on land","752","Sweden","7271","Temperature change","7020","Meteorological year","2016","2016","°c","1.843","E","Estimated value"
"ET","Temperature change on land","752","Sweden","7271","Temperature change","7020","Meteorological year","2017","2017","°c","1.59","E","Estimated value"
"ET","Temperature change on land","752","Sweden","7271","Temperature change","7020","Meteorological year","2018","2018","°c","1.848","E","Estimated value"
"ET","Temperature change on land","752","Sweden","7271","Temperature change","7020","Meteorological year","2019","2019","°c","1.573","E","Estimated value"
"ET","Temperature change on land","752","Sweden","7271","Temperature change","7020","Meteorological year","2020","2020","°c","2.951","E","Estimated value"
"ET","Temperature change on land","752","Sweden","7271","Temperature change","7020","Meteorological year","2021","2021","°c","1.85","E","Estimated value"
